date,dep_icao,arr_icao,flights,mean_duration_s,median_duration_s
2025-09-01,CYEG,CYUL,1,13824,13824
2025-09-01,CYEG,CYVR,8,4524,4317
2025-09-01,CYEG,CYYC,7,2038,2007
2025-09-01,CYEG,CYYZ,6,12883,12956
2025-09-01,CYUL,CYEG,1,13612,13612
2025-09-01,CYUL,CYVR,6,16838,16860
2025-09-01,CYUL,CYYC,4,13508,13620
2025-09-01,CYUL,CYYZ,24,3344,3271
2025-09-01,CYVR,CYEG,10,4079,4072
2025-09-01,CYVR,CYUL,5,16549,16526
2025-09-01,CYVR,CYYC,28,4004,3766
2025-09-01,CYVR,CYYZ,22,15220,15185
2025-09-01,CYYC,CYEG,13,2278,2312
2025-09-01,CYYC,CYUL,6,14019,14008
2025-09-01,CYYC,CYVR,30,4296,3976
2025-09-01,CYYC,CYYZ,25,12690,12676
2025-09-01,CYYZ,CYEG,8,12772,12715
2025-09-01,CYYZ,CYUL,24,3885,3757
2025-09-01,CYYZ,CYVR,26,16336,16343
2025-09-01,CYYZ,CYYC,25,13366,13352
2025-09-02,CYEG,CYVR,7,4475,4564
2025-09-02,CYEG,CYYC,5,2386,2275
2025-09-02,CYEG,CYYZ,2,12153,12153
2025-09-02,CYUL,CYEG,1,14254,14254
2025-09-02,CYUL,CYVR,5,16802,17169
2025-09-02,CYUL,CYYC,5,14202,14199
2025-09-02,CYUL,CYYZ,29,3429,3343
2025-09-02,CYVR,CYEG,15,4291,4232
2025-09-02,CYVR,CYUL,5,16617,16858
2025-09-02,CYVR,CYYC,29,4399,3940
2025-09-02,CYVR,CYYZ,22,15374,15322
2025-09-02,CYYC,CYEG,14,2117,2002
2025-09-02,CYYC,CYUL,5,13630,13602
2025-09-02,CYYC,CYVR,30,4611,3915
2025-09-02,CYYC,CYYZ,23,12506,12488
2025-09-02,CYYZ,CYEG,13,13931,13849
2025-09-02,CYYZ,CYUL,29,3700,3730
2025-09-02,CYYZ,CYVR,26,16646,16666
2025-09-02,CYYZ,CYYC,23,13890,13884
2025-09-03,CYEG,CYUL,1,12655,12655
2025-09-03,CYEG,CYVR,8,4225,4241
2025-09-03,CYEG,CYYC,13,2305,2271
2025-09-03,CYEG,CYYZ,4,11931,11918
2025-09-03,CYUL,CYVR,6,16935,17058
2025-09-03,CYUL,CYYC,5,14298,14418
2025-09-03,CYUL,CYYZ,25,3298,3294
2025-09-03,CYVR,CYEG,7,4137,4181
2025-09-03,CYVR,CYUL,5,16100,16041
2025-09-03,CYVR,CYYC,27,4206,3964
2025-09-03,CYVR,CYYZ,24,15163,15162
2025-09-03,CYYC,CYEG,13,2140,2062
2025-09-03,CYYC,CYUL,6,13265,13304
2025-09-03,CYYC,CYVR,33,4558,3747
2025-09-03,CYYC,CYYZ,21,12248,12297
2025-09-03,CYYZ,CYEG,6,14416,14364
2025-09-03,CYYZ,CYUL,27,3629,3613
2025-09-03,CYYZ,CYVR,25,16494,16474
2025-09-03,CYYZ,CYYC,24,13895,13807
2025-09-04,CYEG,CYUL,3,14231,13231
2025-09-04,CYEG,CYVR,19,4252,4240
2025-09-04,CYEG,CYYC,18,2007,1890
2025-09-04,CYEG,CYYZ,14,11814,11850
2025-09-04,CYUL,CYVR,7,17203,16942
2025-09-04,CYUL,CYYC,4,13937,14043
2025-09-04,CYUL,CYYZ,28,3651,3613
2025-09-04,CYVR,CYUL,5,15772,16013
2025-09-04,CYVR,CYYC,31,4230,3850
2025-09-04,CYVR,CYYZ,20,14664,14580
2025-09-04,CYYC,CYUL,6,13378,13175
2025-09-04,CYYC,CYVR,31,4519,3891
2025-09-04,CYYC,CYYZ,23,11696,11718
2025-09-04,CYYZ,CYUL,24,3887,3563
2025-09-04,CYYZ,CYVR,25,16682,16586
2025-09-04,CYYZ,CYYC,23,13841,13784
2025-09-05,CYEG,CYVR,5,4072,4022
2025-09-05,CYEG,CYYC,8,1999,1919
2025-09-05,CYEG,CYYZ,6,12299,12321
2025-09-05,CYUL,CYEG,2,14151,14151
2025-09-05,CYUL,CYVR,7,16979,17192
2025-09-05,CYUL,CYYC,5,14135,14130
2025-09-05,CYUL,CYYZ,29,3763,3692
2025-09-05,CYVR,CYEG,12,4139,4162
2025-09-05,CYVR,CYUL,6,16030,16120
2025-09-05,CYVR,CYYC,31,3972,3994
2025-09-05,CYVR,CYYZ,22,15063,15037
2025-09-05,CYYC,CYEG,13,2123,2047
2025-09-05,CYYC,CYUL,7,13309,13369
2025-09-05,CYYC,CYVR,32,4199,3734
2025-09-05,CYYC,CYYZ,22,12209,12288
2025-09-05,CYYZ,CYEG,11,13526,13493
2025-09-05,CYYZ,CYUL,26,3448,3382
2025-09-05,CYYZ,CYVR,24,16240,16232
2025-09-05,CYYZ,CYYC,24,13648,13474
2025-09-06,CYEG,CYYC,1,1611,1611
2025-09-06,CYUL,CYEG,3,14458,14345
2025-09-06,CYUL,CYVR,5,17673,17967
2025-09-06,CYUL,CYYC,4,14259,14413
2025-09-06,CYUL,CYYZ,23,3697,3696
2025-09-06,CYVR,CYEG,18,3993,4000
2025-09-06,CYVR,CYUL,6,15945,15959
2025-09-06,CYVR,CYYC,30,4292,3938
2025-09-06,CYVR,CYYZ,22,14875,14843
2025-09-06,CYYC,CYEG,12,1944,1931
2025-09-06,CYYC,CYUL,5,13069,13001
2025-09-06,CYYC,CYVR,29,4156,3924
2025-09-06,CYYC,CYYZ,23,13184,12267
2025-09-06,CYYZ,CYEG,12,13931,13980
2025-09-06,CYYZ,CYUL,24,3806,3521
2025-09-06,CYYZ,CYVR,23,16596,16714
2025-09-06,CYYZ,CYYC,20,13776,13737
2025-09-07,CYEG,CYUL,1,12880,12880
2025-09-07,CYEG,CYVR,8,4445,4423
2025-09-07,CYEG,CYYC,7,2297,2105
2025-09-07,CYEG,CYYZ,3,11494,11444
2025-09-07,CYUL,CYVR,5,17566,17760
2025-09-07,CYUL,CYYC,4,14519,14524
2025-09-07,CYUL,CYYZ,24,3684,3600
2025-09-07,CYVR,CYEG,9,4001,4000
2025-09-07,CYVR,CYUL,6,15908,15934
2025-09-07,CYVR,CYYC,32,4258,3747
2025-09-07,CYVR,CYYZ,18,14957,14931
2025-09-07,CYYC,CYEG,7,1978,1963
2025-09-07,CYYC,CYUL,6,13173,13117
2025-09-07,CYYC,CYVR,30,4247,3931
2025-09-07,CYYC,CYYZ,22,12170,12110
2025-09-07,CYYZ,CYEG,5,13992,13937
2025-09-07,CYYZ,CYUL,23,3596,3507
2025-09-07,CYYZ,CYVR,24,16842,16932
2025-09-07,CYYZ,CYYC,22,14000,14161
2025-09-08,CYEG,CYVR,5,4390,4426
2025-09-08,CYEG,CYYC,4,1980,1966
2025-09-08,CYEG,CYYZ,5,11732,11713
2025-09-08,CYUL,CYEG,2,14784,14784
2025-09-08,CYUL,CYVR,6,17845,18001
2025-09-08,CYUL,CYYC,5,14831,15119
2025-09-08,CYUL,CYYZ,23,3442,3452
2025-09-08,CYVR,CYEG,11,4210,4247
2025-09-08,CYVR,CYUL,7,15695,15780
2025-09-08,CYVR,CYYC,31,4209,3891
2025-09-08,CYVR,CYYZ,20,15075,14973
2025-09-08,CYYC,CYEG,17,1936,1964
2025-09-08,CYYC,CYUL,6,12839,12981
2025-09-08,CYYC,CYVR,33,4516,3808
2025-09-08,CYYC,CYYZ,25,11981,11998
2025-09-08,CYYZ,CYEG,10,14231,14197
2025-09-08,CYYZ,CYUL,28,3446,3342
2025-09-08,CYYZ,CYVR,27,16861,16885
2025-09-08,CYYZ,CYYC,23,14043,13896
2025-09-09,CYUL,CYEG,2,14568,14568
2025-09-09,CYUL,CYVR,3,17447,17692
2025-09-09,CYUL,CYYC,4,14462,14602
2025-09-09,CYUL,CYYZ,24,3325,3328
2025-09-09,CYVR,CYEG,19,4094,4080
2025-09-09,CYVR,CYUL,6,16606,16378
2025-09-09,CYVR,CYYC,28,4229,3928
2025-09-09,CYVR,CYYZ,23,17683,15387
2025-09-09,CYYC,CYEG,26,1943,1880
2025-09-09,CYYC,CYUL,6,13273,13215
2025-09-09,CYYC,CYVR,30,4231,3745
2025-09-09,CYYC,CYYZ,28,12595,12505
2025-09-09,CYYZ,CYEG,14,13743,13550
2025-09-09,CYYZ,CYUL,32,3668,3566
2025-09-09,CYYZ,CYVR,26,16531,16647
2025-09-09,CYYZ,CYYC,25,13609,13642
2025-09-10,CYEG,CYUL,1,12893,12893
2025-09-10,CYEG,CYVR,16,4097,4107
2025-09-10,CYEG,CYYC,22,2211,2181
2025-09-10,CYEG,CYYZ,9,12424,12366
2025-09-10,CYUL,CYVR,5,16986,17027
2025-09-10,CYUL,CYYC,5,14247,14365
2025-09-10,CYUL,CYYZ,30,3414,3362
2025-09-10,CYVR,CYEG,3,4017,3945
2025-09-10,CYVR,CYUL,4,16267,16408
2025-09-10,CYVR,CYYC,27,4214,3943
2025-09-10,CYVR,CYYZ,20,15478,15564
2025-09-10,CYYC,CYEG,1,1659,1659
2025-09-10,CYYC,CYUL,6,13396,13402
2025-09-10,CYYC,CYVR,29,4185,3753
2025-09-10,CYYC,CYYZ,20,12615,12574
2025-09-10,CYYZ,CYEG,3,13677,13601
2025-09-10,CYYZ,CYUL,29,3522,3524
2025-09-10,CYYZ,CYVR,23,16253,16290
2025-09-10,CYYZ,CYYC,25,13427,13531
2025-09-11,CYEG,CYVR,5,3982,4039
2025-09-11,CYEG,CYYC,6,2167,2108
2025-09-11,CYEG,CYYZ,3,12326,12278
2025-09-11,CYUL,CYEG,2,14892,14892
2025-09-11,CYUL,CYVR,5,17614,17623
2025-09-11,CYUL,CYYC,4,14831,14596
2025-09-11,CYUL,CYYZ,28,3419,3324
2025-09-11,CYVR,CYEG,11,4341,4231
2025-09-11,CYVR,CYUL,3,15862,16019
2025-09-11,CYVR,CYYC,28,4189,3952
2025-09-11,CYVR,CYYZ,19,15261,15251
2025-09-11,CYYC,CYEG,16,2068,2000
2025-09-11,CYYC,CYUL,6,13255,13287
2025-09-11,CYYC,CYVR,32,4489,3682
2025-09-11,CYYC,CYYZ,22,12321,12243
2025-09-11,CYYZ,CYEG,9,14208,14197
2025-09-11,CYYZ,CYUL,28,3445,3505
2025-09-11,CYYZ,CYVR,24,16695,16702
2025-09-11,CYYZ,CYYC,20,13847,13804
2025-09-12,CYEG,CYYC,1,2393,2393
2025-09-12,CYUL,CYEG,3,14801,14861
2025-09-12,CYUL,CYVR,6,17808,17974
2025-09-12,CYUL,CYYC,5,14737,15124
2025-09-12,CYUL,CYYZ,26,3388,3405
2025-09-12,CYVR,CYEG,19,4341,4252
2025-09-12,CYVR,CYUL,6,16113,16169
2025-09-12,CYVR,CYYC,31,4285,3869
2025-09-12,CYVR,CYYZ,22,15281,15272
2025-09-12,CYYC,CYEG,19,1868,1890
2025-09-12,CYYC,CYUL,6,13489,13450
2025-09-12,CYYC,CYVR,33,4243,3788
2025-09-12,CYYC,CYYZ,22,12364,12316
2025-09-12,CYYZ,CYEG,14,13815,13839
2025-09-12,CYYZ,CYUL,25,3591,3595
2025-09-12,CYYZ,CYVR,27,16870,16942
2025-09-12,CYYZ,CYYC,25,14018,13983
2025-09-13,CYUL,CYEG,2,14405,14405
2025-09-13,CYUL,CYVR,5,17511,17682
2025-09-13,CYUL,CYYC,4,13951,14059
2025-09-13,CYUL,CYYZ,22,3402,3339
2025-09-13,CYVR,CYEG,18,4073,4077
2025-09-13,CYVR,CYUL,4,16116,16081
2025-09-13,CYVR,CYYC,30,3993,3720
2025-09-13,CYVR,CYYZ,20,15181,15155
2025-09-13,CYYC,CYEG,16,1909,1844
2025-09-13,CYYC,CYUL,5,13353,13628
2025-09-13,CYYC,CYVR,30,4288,3925
2025-09-13,CYYC,CYYZ,18,12753,12727
2025-09-13,CYYZ,CYEG,13,13459,13407
2025-09-13,CYYZ,CYUL,24,3617,3505
2025-09-13,CYYZ,CYVR,23,16642,16556
2025-09-13,CYYZ,CYYC,19,13389,13360
2025-09-14,CYEG,CYYC,1,1930,1930
2025-09-14,CYUL,CYEG,1,14139,14139
2025-09-14,CYUL,CYVR,5,17160,17003
2025-09-14,CYUL,CYYC,4,13985,13950
2025-09-14,CYUL,CYYZ,27,3259,3226
2025-09-14,CYVR,CYEG,16,4047,4018
2025-09-14,CYVR,CYUL,4,16336,16360
2025-09-14,CYVR,CYYC,29,4037,3701
2025-09-14,CYVR,CYYZ,18,15337,15313
2025-09-14,CYYC,CYEG,17,1877,1825
2025-09-14,CYYC,CYUL,6,13456,13491
2025-09-14,CYYC,CYVR,28,4425,3988
2025-09-14,CYYC,CYYZ,20,12648,12629
2025-09-14,CYYZ,CYEG,12,13360,13268
2025-09-14,CYYZ,CYUL,24,3704,3697
2025-09-14,CYYZ,CYVR,27,16220,16116
2025-09-14,CYYZ,CYYC,23,13736,13678
2025-09-15,CYEG,CYUL,2,13542,13542
2025-09-15,CYEG,CYVR,12,4383,4388
2025-09-15,CYEG,CYYC,16,2284,2322
2025-09-15,CYEG,CYYZ,9,13087,13083
2025-09-15,CYUL,CYEG,1,14385,14385
2025-09-15,CYUL,CYVR,6,16828,16854
2025-09-15,CYUL,CYYC,5,14028,13995
2025-09-15,CYUL,CYYZ,27,3538,3483
2025-09-15,CYVR,CYEG,6,4023,4031
2025-09-15,CYVR,CYUL,7,16710,16670
2025-09-15,CYVR,CYYC,30,4264,3977
2025-09-15,CYVR,CYYZ,20,15845,15899
2025-09-15,CYYC,CYEG,6,1703,1663
2025-09-15,CYYC,CYUL,6,13914,13939
2025-09-15,CYYC,CYVR,35,4273,3853
2025-09-15,CYYC,CYYZ,22,13047,13081
2025-09-15,CYYZ,CYEG,3,13491,13309
2025-09-15,CYYZ,CYUL,26,3786,3782
2025-09-15,CYYZ,CYVR,26,16031,16003
2025-09-15,CYYZ,CYYC,21,13214,13192
